/Users/morpheus/Desktop/bp3/IMG/center_2017_04_11_12_44_04_374.jpg,/Users/morpheus/Desktop/bp3/IMG/left_2017_04_11_12_44_04_374.jpg,/Users/morpheus/Desktop/bp3/IMG/right_2017_04_11_12_44_04_374.jpg,-0.02586969,0,0,28.39868
/Users/morpheus/Desktop/bp3/IMG/center_2017_04_11_12_44_04_452.jpg,/Users/morpheus/Desktop/bp3/IMG/left_2017_04_11_12_44_04_452.jpg,/Users/morpheus/Desktop/bp3/IMG/right_2017_04_11_12_44_04_452.jpg,-0.02586969,0,0,28.17026
/Users/morpheus/Desktop/bp3/IMG/center_2017_04_11_12_44_04_535.jpg,/Users/morpheus/Desktop/bp3/IMG/left_2017_04_11_12_44_04_535.jpg,/Users/morpheus/Desktop/bp3/IMG/right_2017_04_11_12_44_04_535.jpg,-0.02586969,0,0,27.94368
/Users/morpheus/Desktop/bp3/IMG/center_2017_04_11_12_44_04_637.jpg,/Users/morpheus/Desktop/bp3/IMG/left_2017_04_11_12_44_04_637.jpg,/Users/morpheus/Desktop/bp3/IMG/right_2017_04_11_12_44_04_637.jpg,-0.02586969,0,0,27.66302
/Users/morpheus/Desktop/bp3/IMG/center_2017_04_11_12_44_04_716.jpg,/Users/morpheus/Desktop/bp3/IMG/left_2017_04_11_12_44_04_716.jpg,/Users/morpheus/Desktop/bp3/IMG/right_2017_04_11_12_44_04_716.jpg,-0.02586969,0,0,27.44053
/Users/morpheus/Desktop/bp3/IMG/center_2017_04_11_12_44_04_799.jpg,/Users/morpheus/Desktop/bp3/IMG/left_2017_04_11_12_44_04_799.jpg,/Users/morpheus/Desktop/bp3/IMG/right_2017_04_11_12_44_04_799.jpg,-0.02358491,0,0,27.21986
/Users/morpheus/Desktop/bp3/IMG/center_2017_04_11_12_44_04_888.jpg,/Users/morpheus/Desktop/bp3/IMG/left_2017_04_11_12_44_04_888.jpg,/Users/morpheus/Desktop/bp3/IMG/right_2017_04_11_12_44_04_888.jpg,-0.02130012,0,0,27.00101
/Users/morpheus/Desktop/bp3/IMG/center_2017_04_11_12_44_04_977.jpg,/Users/morpheus/Desktop/bp3/IMG/left_2017_04_11_12_44_04_977.jpg,/Users/morpheus/Desktop/bp3/IMG/right_2017_04_11_12_44_04_977.jpg,-0.02130012,0.1802909,0,26.81088
/Users/morpheus/Desktop/bp3/IMG/center_2017_04_11_12_44_05_068.jpg,/Users/morpheus/Desktop/bp3/IMG/left_2017_04_11_12_44_05_068.jpg,/Users/morpheus/Desktop/bp3/IMG/right_2017_04_11_12_44_05_068.jpg,-0.02130012,0.4547009,0,26.89479
/Users/morpheus/Desktop/bp3/IMG/center_2017_04_11_12_44_05_164.jpg,/Users/morpheus/Desktop/bp3/IMG/left_2017_04_11_12_44_05_164.jpg,/Users/morpheus/Desktop/bp3/IMG/right_2017_04_11_12_44_05_164.jpg,-0.01444575,0.7434629,0,27.33683
/Users/morpheus/Desktop/bp3/IMG/center_2017_04_11_12_44_05_257.jpg,/Users/morpheus/Desktop/bp3/IMG/left_2017_04_11_12_44_05_257.jpg,/Users/morpheus/Desktop/bp3/IMG/right_2017_04_11_12_44_05_257.jpg,0.01931014,1,0,28.14374
/Users/morpheus/Desktop/bp3/IMG/center_2017_04_11_12_44_05_351.jpg,/Users/morpheus/Desktop/bp3/IMG/left_2017_04_11_12_44_05_351.jpg,/Users/morpheus/Desktop/bp3/IMG/right_2017_04_11_12_44_05_351.jpg,0.02387972,1,0,29.06789
/Users/morpheus/Desktop/bp3/IMG/center_2017_04_11_12_44_05_446.jpg,/Users/morpheus/Desktop/bp3/IMG/left_2017_04_11_12_44_05_446.jpg,/Users/morpheus/Desktop/bp3/IMG/right_2017_04_11_12_44_05_446.jpg,0.02155808,1,0,29.80116
/Users/morpheus/Desktop/bp3/IMG/center_2017_04_11_12_44_05_544.jpg,/Users/morpheus/Desktop/bp3/IMG/left_2017_04_11_12_44_05_544.jpg,/Users/morpheus/Desktop/bp3/IMG/right_2017_04_11_12_44_05_544.jpg,0.01919959,1,0,30.19049
/Users/morpheus/Desktop/bp3/IMG/center_2017_04_11_12_44_05_613.jpg,/Users/morpheus/Desktop/bp3/IMG/left_2017_04_11_12_44_05_613.jpg,/Users/morpheus/Desktop/bp3/IMG/right_2017_04_11_12_44_05_613.jpg,0.01687795,1,0,30.1903
/Users/morpheus/Desktop/bp3/IMG/center_2017_04_11_12_44_05_712.jpg,/Users/morpheus/Desktop/bp3/IMG/left_2017_04_11_12_44_05_712.jpg,/Users/morpheus/Desktop/bp3/IMG/right_2017_04_11_12_44_05_712.jpg,0.01687795,1,0,30.19028
/Users/morpheus/Desktop/bp3/IMG/center_2017_04_11_12_44_05_809.jpg,/Users/morpheus/Desktop/bp3/IMG/left_2017_04_11_12_44_05_809.jpg,/Users/morpheus/Desktop/bp3/IMG/right_2017_04_11_12_44_05_809.jpg,0.01687795,1,0,30.19029
/Users/morpheus/Desktop/bp3/IMG/center_2017_04_11_12_44_05_895.jpg,/Users/morpheus/Desktop/bp3/IMG/left_2017_04_11_12_44_05_895.jpg,/Users/morpheus/Desktop/bp3/IMG/right_2017_04_11_12_44_05_895.jpg,0.01687795,1,0,30.1903
/Users/morpheus/Desktop/bp3/IMG/center_2017_04_11_12_44_05_977.jpg,/Users/morpheus/Desktop/bp3/IMG/left_2017_04_11_12_44_05_977.jpg,/Users/morpheus/Desktop/bp3/IMG/right_2017_04_11_12_44_05_977.jpg,0.01687795,1,0,30.19031
/Users/morpheus/Desktop/bp3/IMG/center_2017_04_11_12_44_06_066.jpg,/Users/morpheus/Desktop/bp3/IMG/left_2017_04_11_12_44_06_066.jpg,/Users/morpheus/Desktop/bp3/IMG/right_2017_04_11_12_44_06_066.jpg,0.005269752,1,0,30.19034
/Users/morpheus/Desktop/bp3/IMG/center_2017_04_11_12_44_06_154.jpg,/Users/morpheus/Desktop/bp3/IMG/left_2017_04_11_12_44_06_154.jpg,/Users/morpheus/Desktop/bp3/IMG/right_2017_04_11_12_44_06_154.jpg,-0.01330336,1,0,30.19018
/Users/morpheus/Desktop/bp3/IMG/center_2017_04_11_12_44_06_225.jpg,/Users/morpheus/Desktop/bp3/IMG/left_2017_04_11_12_44_06_225.jpg,/Users/morpheus/Desktop/bp3/IMG/right_2017_04_11_12_44_06_225.jpg,-0.02491156,1,0,30.19015
/Users/morpheus/Desktop/bp3/IMG/center_2017_04_11_12_44_06_301.jpg,/Users/morpheus/Desktop/bp3/IMG/left_2017_04_11_12_44_06_301.jpg,/Users/morpheus/Desktop/bp3/IMG/right_2017_04_11_12_44_06_301.jpg,-0.02491156,1,0,30.19021
/Users/morpheus/Desktop/bp3/IMG/center_2017_04_11_12_44_06_382.jpg,/Users/morpheus/Desktop/bp3/IMG/left_2017_04_11_12_44_06_382.jpg,/Users/morpheus/Desktop/bp3/IMG/right_2017_04_11_12_44_06_382.jpg,-0.02491156,1,0,30.19011
/Users/morpheus/Desktop/bp3/IMG/center_2017_04_11_12_44_06_478.jpg,/Users/morpheus/Desktop/bp3/IMG/left_2017_04_11_12_44_06_478.jpg,/Users/morpheus/Desktop/bp3/IMG/right_2017_04_11_12_44_06_478.jpg,-0.02491156,1,0,30.19026
/Users/morpheus/Desktop/bp3/IMG/center_2017_04_11_12_44_06_558.jpg,/Users/morpheus/Desktop/bp3/IMG/left_2017_04_11_12_44_06_558.jpg,/Users/morpheus/Desktop/bp3/IMG/right_2017_04_11_12_44_06_558.jpg,-0.02491156,1,0,30.1902
/Users/morpheus/Desktop/bp3/IMG/center_2017_04_11_12_44_06_628.jpg,/Users/morpheus/Desktop/bp3/IMG/left_2017_04_11_12_44_06_628.jpg,/Users/morpheus/Desktop/bp3/IMG/right_2017_04_11_12_44_06_628.jpg,-0.02723319,1,0,30.19027
/Users/morpheus/Desktop/bp3/IMG/center_2017_04_11_12_44_06_716.jpg,/Users/morpheus/Desktop/bp3/IMG/left_2017_04_11_12_44_06_716.jpg,/Users/morpheus/Desktop/bp3/IMG/right_2017_04_11_12_44_06_716.jpg,-0.03419811,1,0,30.19022
/Users/morpheus/Desktop/bp3/IMG/center_2017_04_11_12_44_06_813.jpg,/Users/morpheus/Desktop/bp3/IMG/left_2017_04_11_12_44_06_813.jpg,/Users/morpheus/Desktop/bp3/IMG/right_2017_04_11_12_44_06_813.jpg,-0.03419811,1,0,30.19025
/Users/morpheus/Desktop/bp3/IMG/center_2017_04_11_12_44_06_881.jpg,/Users/morpheus/Desktop/bp3/IMG/left_2017_04_11_12_44_06_881.jpg,/Users/morpheus/Desktop/bp3/IMG/right_2017_04_11_12_44_06_881.jpg,-0.03419811,1,0,30.19028
/Users/morpheus/Desktop/bp3/IMG/center_2017_04_11_12_44_06_961.jpg,/Users/morpheus/Desktop/bp3/IMG/left_2017_04_11_12_44_06_961.jpg,/Users/morpheus/Desktop/bp3/IMG/right_2017_04_11_12_44_06_961.jpg,-0.02962854,1,0,30.19031
/Users/morpheus/Desktop/bp3/IMG/center_2017_04_11_12_44_07_028.jpg,/Users/morpheus/Desktop/bp3/IMG/left_2017_04_11_12_44_07_028.jpg,/Users/morpheus/Desktop/bp3/IMG/right_2017_04_11_12_44_07_028.jpg,-0.02734375,1,0,30.19029
/Users/morpheus/Desktop/bp3/IMG/center_2017_04_11_12_44_07_124.jpg,/Users/morpheus/Desktop/bp3/IMG/left_2017_04_11_12_44_07_124.jpg,/Users/morpheus/Desktop/bp3/IMG/right_2017_04_11_12_44_07_124.jpg,-0.02734375,1,0,30.19028
/Users/morpheus/Desktop/bp3/IMG/center_2017_04_11_12_44_07_214.jpg,/Users/morpheus/Desktop/bp3/IMG/left_2017_04_11_12_44_07_214.jpg,/Users/morpheus/Desktop/bp3/IMG/right_2017_04_11_12_44_07_214.jpg,-0.03663031,1,0,30.19017
/Users/morpheus/Desktop/bp3/IMG/center_2017_04_11_12_44_07_282.jpg,/Users/morpheus/Desktop/bp3/IMG/left_2017_04_11_12_44_07_282.jpg,/Users/morpheus/Desktop/bp3/IMG/right_2017_04_11_12_44_07_282.jpg,-0.04127358,1,0,30.1902
/Users/morpheus/Desktop/bp3/IMG/center_2017_04_11_12_44_07_386.jpg,/Users/morpheus/Desktop/bp3/IMG/left_2017_04_11_12_44_07_386.jpg,/Users/morpheus/Desktop/bp3/IMG/right_2017_04_11_12_44_07_386.jpg,-0.04127358,1,0,30.19019
/Users/morpheus/Desktop/bp3/IMG/center_2017_04_11_12_44_07_482.jpg,/Users/morpheus/Desktop/bp3/IMG/left_2017_04_11_12_44_07_482.jpg,/Users/morpheus/Desktop/bp3/IMG/right_2017_04_11_12_44_07_482.jpg,-0.04127358,1,0,30.19025
/Users/morpheus/Desktop/bp3/IMG/center_2017_04_11_12_44_07_559.jpg,/Users/morpheus/Desktop/bp3/IMG/left_2017_04_11_12_44_07_559.jpg,/Users/morpheus/Desktop/bp3/IMG/right_2017_04_11_12_44_07_559.jpg,-0.04127358,1,0,30.19023
/Users/morpheus/Desktop/bp3/IMG/center_2017_04_11_12_44_07_648.jpg,/Users/morpheus/Desktop/bp3/IMG/left_2017_04_11_12_44_07_648.jpg,/Users/morpheus/Desktop/bp3/IMG/right_2017_04_11_12_44_07_648.jpg,-0.0389888,1,0,30.19029
/Users/morpheus/Desktop/bp3/IMG/center_2017_04_11_12_44_07_731.jpg,/Users/morpheus/Desktop/bp3/IMG/left_2017_04_11_12_44_07_731.jpg,/Users/morpheus/Desktop/bp3/IMG/right_2017_04_11_12_44_07_731.jpg,-0.03213443,1,0,30.19031
/Users/morpheus/Desktop/bp3/IMG/center_2017_04_11_12_44_07_808.jpg,/Users/morpheus/Desktop/bp3/IMG/left_2017_04_11_12_44_07_808.jpg,/Users/morpheus/Desktop/bp3/IMG/right_2017_04_11_12_44_07_808.jpg,-0.03213443,1,0,30.19029
/Users/morpheus/Desktop/bp3/IMG/center_2017_04_11_12_44_07_889.jpg,/Users/morpheus/Desktop/bp3/IMG/left_2017_04_11_12_44_07_889.jpg,/Users/morpheus/Desktop/bp3/IMG/right_2017_04_11_12_44_07_889.jpg,-0.03213443,1,0,30.19033
/Users/morpheus/Desktop/bp3/IMG/center_2017_04_11_12_44_07_972.jpg,/Users/morpheus/Desktop/bp3/IMG/left_2017_04_11_12_44_07_972.jpg,/Users/morpheus/Desktop/bp3/IMG/right_2017_04_11_12_44_07_972.jpg,-0.03213443,1,0,30.19026
/Users/morpheus/Desktop/bp3/IMG/center_2017_04_11_12_44_08_055.jpg,/Users/morpheus/Desktop/bp3/IMG/left_2017_04_11_12_44_08_055.jpg,/Users/morpheus/Desktop/bp3/IMG/right_2017_04_11_12_44_08_055.jpg,-0.03213443,1,0,30.19029
/Users/morpheus/Desktop/bp3/IMG/center_2017_04_11_12_44_08_137.jpg,/Users/morpheus/Desktop/bp3/IMG/left_2017_04_11_12_44_08_137.jpg,/Users/morpheus/Desktop/bp3/IMG/right_2017_04_11_12_44_08_137.jpg,-0.03213443,1,0,30.1903
/Users/morpheus/Desktop/bp3/IMG/center_2017_04_11_12_44_08_218.jpg,/Users/morpheus/Desktop/bp3/IMG/left_2017_04_11_12_44_08_218.jpg,/Users/morpheus/Desktop/bp3/IMG/right_2017_04_11_12_44_08_218.jpg,-0.03213443,1,0,30.19029
/Users/morpheus/Desktop/bp3/IMG/center_2017_04_11_12_44_08_285.jpg,/Users/morpheus/Desktop/bp3/IMG/left_2017_04_11_12_44_08_285.jpg,/Users/morpheus/Desktop/bp3/IMG/right_2017_04_11_12_44_08_285.jpg,-0.03213443,1,0,30.19027
/Users/morpheus/Desktop/bp3/IMG/center_2017_04_11_12_44_08_370.jpg,/Users/morpheus/Desktop/bp3/IMG/left_2017_04_11_12_44_08_370.jpg,/Users/morpheus/Desktop/bp3/IMG/right_2017_04_11_12_44_08_370.jpg,-0.03213443,1,0,30.19029
/Users/morpheus/Desktop/bp3/IMG/center_2017_04_11_12_44_08_447.jpg,/Users/morpheus/Desktop/bp3/IMG/left_2017_04_11_12_44_08_447.jpg,/Users/morpheus/Desktop/bp3/IMG/right_2017_04_11_12_44_08_447.jpg,-0.03213443,1,0,30.19028
/Users/morpheus/Desktop/bp3/IMG/center_2017_04_11_12_44_08_526.jpg,/Users/morpheus/Desktop/bp3/IMG/left_2017_04_11_12_44_08_526.jpg,/Users/morpheus/Desktop/bp3/IMG/right_2017_04_11_12_44_08_526.jpg,-0.03213443,1,0,30.19027
/Users/morpheus/Desktop/bp3/IMG/center_2017_04_11_12_44_08_620.jpg,/Users/morpheus/Desktop/bp3/IMG/left_2017_04_11_12_44_08_620.jpg,/Users/morpheus/Desktop/bp3/IMG/right_2017_04_11_12_44_08_620.jpg,-0.03213443,1,0,30.19029
/Users/morpheus/Desktop/bp3/IMG/center_2017_04_11_12_44_08_708.jpg,/Users/morpheus/Desktop/bp3/IMG/left_2017_04_11_12_44_08_708.jpg,/Users/morpheus/Desktop/bp3/IMG/right_2017_04_11_12_44_08_708.jpg,-0.03213443,1,0,30.19027
/Users/morpheus/Desktop/bp3/IMG/center_2017_04_11_12_44_08_793.jpg,/Users/morpheus/Desktop/bp3/IMG/left_2017_04_11_12_44_08_793.jpg,/Users/morpheus/Desktop/bp3/IMG/right_2017_04_11_12_44_08_793.jpg,-0.03213443,1,0,30.19027
/Users/morpheus/Desktop/bp3/IMG/center_2017_04_11_12_44_08_882.jpg,/Users/morpheus/Desktop/bp3/IMG/left_2017_04_11_12_44_08_882.jpg,/Users/morpheus/Desktop/bp3/IMG/right_2017_04_11_12_44_08_882.jpg,-0.03213443,1,0,30.19027
/Users/morpheus/Desktop/bp3/IMG/center_2017_04_11_12_44_08_965.jpg,/Users/morpheus/Desktop/bp3/IMG/left_2017_04_11_12_44_08_965.jpg,/Users/morpheus/Desktop/bp3/IMG/right_2017_04_11_12_44_08_965.jpg,-0.03213443,1,0,30.19028
/Users/morpheus/Desktop/bp3/IMG/center_2017_04_11_12_44_09_049.jpg,/Users/morpheus/Desktop/bp3/IMG/left_2017_04_11_12_44_09_049.jpg,/Users/morpheus/Desktop/bp3/IMG/right_2017_04_11_12_44_09_049.jpg,-0.0156987,1,0,30.19028
/Users/morpheus/Desktop/bp3/IMG/center_2017_04_11_12_44_09_133.jpg,/Users/morpheus/Desktop/bp3/IMG/left_2017_04_11_12_44_09_133.jpg,/Users/morpheus/Desktop/bp3/IMG/right_2017_04_11_12_44_09_133.jpg,0.05409788,1,0,30.18933
/Users/morpheus/Desktop/bp3/IMG/center_2017_04_11_12_44_09_213.jpg,/Users/morpheus/Desktop/bp3/IMG/left_2017_04_11_12_44_09_213.jpg,/Users/morpheus/Desktop/bp3/IMG/right_2017_04_11_12_44_09_213.jpg,0.05866745,1,0,30.18961
/Users/morpheus/Desktop/bp3/IMG/center_2017_04_11_12_44_09_302.jpg,/Users/morpheus/Desktop/bp3/IMG/left_2017_04_11_12_44_09_302.jpg,/Users/morpheus/Desktop/bp3/IMG/right_2017_04_11_12_44_09_302.jpg,0.05866745,1,0,30.18993
/Users/morpheus/Desktop/bp3/IMG/center_2017_04_11_12_44_09_381.jpg,/Users/morpheus/Desktop/bp3/IMG/left_2017_04_11_12_44_09_381.jpg,/Users/morpheus/Desktop/bp3/IMG/right_2017_04_11_12_44_09_381.jpg,0.05866745,1,0,30.19007
/Users/morpheus/Desktop/bp3/IMG/center_2017_04_11_12_44_09_463.jpg,/Users/morpheus/Desktop/bp3/IMG/left_2017_04_11_12_44_09_463.jpg,/Users/morpheus/Desktop/bp3/IMG/right_2017_04_11_12_44_09_463.jpg,0.05866745,1,0,30.19016
/Users/morpheus/Desktop/bp3/IMG/center_2017_04_11_12_44_09_540.jpg,/Users/morpheus/Desktop/bp3/IMG/left_2017_04_11_12_44_09_540.jpg,/Users/morpheus/Desktop/bp3/IMG/right_2017_04_11_12_44_09_540.jpg,0.05866745,1,0,30.19014
/Users/morpheus/Desktop/bp3/IMG/center_2017_04_11_12_44_09_616.jpg,/Users/morpheus/Desktop/bp3/IMG/left_2017_04_11_12_44_09_616.jpg,/Users/morpheus/Desktop/bp3/IMG/right_2017_04_11_12_44_09_616.jpg,0.04201061,1,0,30.19037
/Users/morpheus/Desktop/bp3/IMG/center_2017_04_11_12_44_09_694.jpg,/Users/morpheus/Desktop/bp3/IMG/left_2017_04_11_12_44_09_694.jpg,/Users/morpheus/Desktop/bp3/IMG/right_2017_04_11_12_44_09_694.jpg,0.002432193,1,0,30.19017
/Users/morpheus/Desktop/bp3/IMG/center_2017_04_11_12_44_09_769.jpg,/Users/morpheus/Desktop/bp3/IMG/left_2017_04_11_12_44_09_769.jpg,/Users/morpheus/Desktop/bp3/IMG/right_2017_04_11_12_44_09_769.jpg,-0.01654628,1,0,30.19009
/Users/morpheus/Desktop/bp3/IMG/center_2017_04_11_12_44_09_842.jpg,/Users/morpheus/Desktop/bp3/IMG/left_2017_04_11_12_44_09_842.jpg,/Users/morpheus/Desktop/bp3/IMG/right_2017_04_11_12_44_09_842.jpg,-0.03088149,1,0,30.18996
/Users/morpheus/Desktop/bp3/IMG/center_2017_04_11_12_44_09_915.jpg,/Users/morpheus/Desktop/bp3/IMG/left_2017_04_11_12_44_09_915.jpg,/Users/morpheus/Desktop/bp3/IMG/right_2017_04_11_12_44_09_915.jpg,-0.03320313,1,0,30.1901
/Users/morpheus/Desktop/bp3/IMG/center_2017_04_11_12_44_09_988.jpg,/Users/morpheus/Desktop/bp3/IMG/left_2017_04_11_12_44_09_988.jpg,/Users/morpheus/Desktop/bp3/IMG/right_2017_04_11_12_44_09_988.jpg,-0.03320313,1,0,30.19015
/Users/morpheus/Desktop/bp3/IMG/center_2017_04_11_12_44_10_059.jpg,/Users/morpheus/Desktop/bp3/IMG/left_2017_04_11_12_44_10_059.jpg,/Users/morpheus/Desktop/bp3/IMG/right_2017_04_11_12_44_10_059.jpg,-0.03320313,1,0,30.19021
/Users/morpheus/Desktop/bp3/IMG/center_2017_04_11_12_44_10_135.jpg,/Users/morpheus/Desktop/bp3/IMG/left_2017_04_11_12_44_10_135.jpg,/Users/morpheus/Desktop/bp3/IMG/right_2017_04_11_12_44_10_135.jpg,-0.02863355,1,0,30.19027
/Users/morpheus/Desktop/bp3/IMG/center_2017_04_11_12_44_10_215.jpg,/Users/morpheus/Desktop/bp3/IMG/left_2017_04_11_12_44_10_215.jpg,/Users/morpheus/Desktop/bp3/IMG/right_2017_04_11_12_44_10_215.jpg,-0.02406397,1,0,30.19027
/Users/morpheus/Desktop/bp3/IMG/center_2017_04_11_12_44_10_296.jpg,/Users/morpheus/Desktop/bp3/IMG/left_2017_04_11_12_44_10_296.jpg,/Users/morpheus/Desktop/bp3/IMG/right_2017_04_11_12_44_10_296.jpg,-0.02406397,1,0,30.19047
/Users/morpheus/Desktop/bp3/IMG/center_2017_04_11_12_44_10_381.jpg,/Users/morpheus/Desktop/bp3/IMG/left_2017_04_11_12_44_10_381.jpg,/Users/morpheus/Desktop/bp3/IMG/right_2017_04_11_12_44_10_381.jpg,-0.02406397,1,0,30.19028
/Users/morpheus/Desktop/bp3/IMG/center_2017_04_11_12_44_10_457.jpg,/Users/morpheus/Desktop/bp3/IMG/left_2017_04_11_12_44_10_457.jpg,/Users/morpheus/Desktop/bp3/IMG/right_2017_04_11_12_44_10_457.jpg,-0.02638561,1,0,30.19029
/Users/morpheus/Desktop/bp3/IMG/center_2017_04_11_12_44_10_531.jpg,/Users/morpheus/Desktop/bp3/IMG/left_2017_04_11_12_44_10_531.jpg,/Users/morpheus/Desktop/bp3/IMG/right_2017_04_11_12_44_10_531.jpg,-0.02638561,1,0,30.19027
/Users/morpheus/Desktop/bp3/IMG/center_2017_04_11_12_44_10_606.jpg,/Users/morpheus/Desktop/bp3/IMG/left_2017_04_11_12_44_10_606.jpg,/Users/morpheus/Desktop/bp3/IMG/right_2017_04_11_12_44_10_606.jpg,-0.02638561,1,0,30.19025
/Users/morpheus/Desktop/bp3/IMG/center_2017_04_11_12_44_10_683.jpg,/Users/morpheus/Desktop/bp3/IMG/left_2017_04_11_12_44_10_683.jpg,/Users/morpheus/Desktop/bp3/IMG/right_2017_04_11_12_44_10_683.jpg,-0.02870725,1,0,30.19029
/Users/morpheus/Desktop/bp3/IMG/center_2017_04_11_12_44_10_763.jpg,/Users/morpheus/Desktop/bp3/IMG/left_2017_04_11_12_44_10_763.jpg,/Users/morpheus/Desktop/bp3/IMG/right_2017_04_11_12_44_10_763.jpg,-0.02870725,1,0,30.19026
/Users/morpheus/Desktop/bp3/IMG/center_2017_04_11_12_44_10_840.jpg,/Users/morpheus/Desktop/bp3/IMG/left_2017_04_11_12_44_10_840.jpg,/Users/morpheus/Desktop/bp3/IMG/right_2017_04_11_12_44_10_840.jpg,-0.02870725,1,0,30.19027
/Users/morpheus/Desktop/bp3/IMG/center_2017_04_11_12_44_10_930.jpg,/Users/morpheus/Desktop/bp3/IMG/left_2017_04_11_12_44_10_930.jpg,/Users/morpheus/Desktop/bp3/IMG/right_2017_04_11_12_44_10_930.jpg,-0.02870725,1,0,30.19027
/Users/morpheus/Desktop/bp3/IMG/center_2017_04_11_12_44_11_006.jpg,/Users/morpheus/Desktop/bp3/IMG/left_2017_04_11_12_44_11_006.jpg,/Users/morpheus/Desktop/bp3/IMG/right_2017_04_11_12_44_11_006.jpg,-0.02642247,1,0,30.19028
/Users/morpheus/Desktop/bp3/IMG/center_2017_04_11_12_44_11_089.jpg,/Users/morpheus/Desktop/bp3/IMG/left_2017_04_11_12_44_11_089.jpg,/Users/morpheus/Desktop/bp3/IMG/right_2017_04_11_12_44_11_089.jpg,-0.02642247,1,0,30.19025
/Users/morpheus/Desktop/bp3/IMG/center_2017_04_11_12_44_11_176.jpg,/Users/morpheus/Desktop/bp3/IMG/left_2017_04_11_12_44_11_176.jpg,/Users/morpheus/Desktop/bp3/IMG/right_2017_04_11_12_44_11_176.jpg,-0.02642247,1,0,30.19027
/Users/morpheus/Desktop/bp3/IMG/center_2017_04_11_12_44_11_259.jpg,/Users/morpheus/Desktop/bp3/IMG/left_2017_04_11_12_44_11_259.jpg,/Users/morpheus/Desktop/bp3/IMG/right_2017_04_11_12_44_11_259.jpg,-0.02642247,1,0,30.19029
/Users/morpheus/Desktop/bp3/IMG/center_2017_04_11_12_44_11_346.jpg,/Users/morpheus/Desktop/bp3/IMG/left_2017_04_11_12_44_11_346.jpg,/Users/morpheus/Desktop/bp3/IMG/right_2017_04_11_12_44_11_346.jpg,-0.02642247,1,0,30.19028
/Users/morpheus/Desktop/bp3/IMG/center_2017_04_11_12_44_11_424.jpg,/Users/morpheus/Desktop/bp3/IMG/left_2017_04_11_12_44_11_424.jpg,/Users/morpheus/Desktop/bp3/IMG/right_2017_04_11_12_44_11_424.jpg,-0.02642247,1,0,30.19031
/Users/morpheus/Desktop/bp3/IMG/center_2017_04_11_12_44_11_507.jpg,/Users/morpheus/Desktop/bp3/IMG/left_2017_04_11_12_44_11_507.jpg,/Users/morpheus/Desktop/bp3/IMG/right_2017_04_11_12_44_11_507.jpg,-0.02642247,1,0,30.19009
/Users/morpheus/Desktop/bp3/IMG/center_2017_04_11_12_44_11_590.jpg,/Users/morpheus/Desktop/bp3/IMG/left_2017_04_11_12_44_11_590.jpg,/Users/morpheus/Desktop/bp3/IMG/right_2017_04_11_12_44_11_590.jpg,-0.02642247,1,0,30.19027
/Users/morpheus/Desktop/bp3/IMG/center_2017_04_11_12_44_11_671.jpg,/Users/morpheus/Desktop/bp3/IMG/left_2017_04_11_12_44_11_671.jpg,/Users/morpheus/Desktop/bp3/IMG/right_2017_04_11_12_44_11_671.jpg,-0.02642247,1,0,30.19029
/Users/morpheus/Desktop/bp3/IMG/center_2017_04_11_12_44_11_748.jpg,/Users/morpheus/Desktop/bp3/IMG/left_2017_04_11_12_44_11_748.jpg,/Users/morpheus/Desktop/bp3/IMG/right_2017_04_11_12_44_11_748.jpg,-0.02642247,1,0,30.19046
/Users/morpheus/Desktop/bp3/IMG/center_2017_04_11_12_44_11_827.jpg,/Users/morpheus/Desktop/bp3/IMG/left_2017_04_11_12_44_11_827.jpg,/Users/morpheus/Desktop/bp3/IMG/right_2017_04_11_12_44_11_827.jpg,-0.02642247,1,0,30.19027
/Users/morpheus/Desktop/bp3/IMG/center_2017_04_11_12_44_11_907.jpg,/Users/morpheus/Desktop/bp3/IMG/left_2017_04_11_12_44_11_907.jpg,/Users/morpheus/Desktop/bp3/IMG/right_2017_04_11_12_44_11_907.jpg,-0.0287441,1,0,30.19028
/Users/morpheus/Desktop/bp3/IMG/center_2017_04_11_12_44_11_981.jpg,/Users/morpheus/Desktop/bp3/IMG/left_2017_04_11_12_44_11_981.jpg,/Users/morpheus/Desktop/bp3/IMG/right_2017_04_11_12_44_11_981.jpg,-0.0287441,1,0,30.19031
/Users/morpheus/Desktop/bp3/IMG/center_2017_04_11_12_44_12_061.jpg,/Users/morpheus/Desktop/bp3/IMG/left_2017_04_11_12_44_12_061.jpg,/Users/morpheus/Desktop/bp3/IMG/right_2017_04_11_12_44_12_061.jpg,-0.03106574,1,0,30.19025
/Users/morpheus/Desktop/bp3/IMG/center_2017_04_11_12_44_12_137.jpg,/Users/morpheus/Desktop/bp3/IMG/left_2017_04_11_12_44_12_137.jpg,/Users/morpheus/Desktop/bp3/IMG/right_2017_04_11_12_44_12_137.jpg,-0.03570902,1,0,30.19019
/Users/morpheus/Desktop/bp3/IMG/center_2017_04_11_12_44_12_221.jpg,/Users/morpheus/Desktop/bp3/IMG/left_2017_04_11_12_44_12_221.jpg,/Users/morpheus/Desktop/bp3/IMG/right_2017_04_11_12_44_12_221.jpg,-0.03570902,1,0,30.19023
/Users/morpheus/Desktop/bp3/IMG/center_2017_04_11_12_44_12_309.jpg,/Users/morpheus/Desktop/bp3/IMG/left_2017_04_11_12_44_12_309.jpg,/Users/morpheus/Desktop/bp3/IMG/right_2017_04_11_12_44_12_309.jpg,-0.03570902,1,0,30.19026
/Users/morpheus/Desktop/bp3/IMG/center_2017_04_11_12_44_12_405.jpg,/Users/morpheus/Desktop/bp3/IMG/left_2017_04_11_12_44_12_405.jpg,/Users/morpheus/Desktop/bp3/IMG/right_2017_04_11_12_44_12_405.jpg,-0.03570902,1,0,30.19027
/Users/morpheus/Desktop/bp3/IMG/center_2017_04_11_12_44_12_486.jpg,/Users/morpheus/Desktop/bp3/IMG/left_2017_04_11_12_44_12_486.jpg,/Users/morpheus/Desktop/bp3/IMG/right_2017_04_11_12_44_12_486.jpg,-0.03570902,1,0,30.19028
/Users/morpheus/Desktop/bp3/IMG/center_2017_04_11_12_44_12_572.jpg,/Users/morpheus/Desktop/bp3/IMG/left_2017_04_11_12_44_12_572.jpg,/Users/morpheus/Desktop/bp3/IMG/right_2017_04_11_12_44_12_572.jpg,-0.03570902,1,0,30.19028
/Users/morpheus/Desktop/bp3/IMG/center_2017_04_11_12_44_12_645.jpg,/Users/morpheus/Desktop/bp3/IMG/left_2017_04_11_12_44_12_645.jpg,/Users/morpheus/Desktop/bp3/IMG/right_2017_04_11_12_44_12_645.jpg,-0.0403523,1,0,30.19025
/Users/morpheus/Desktop/bp3/IMG/center_2017_04_11_12_44_12_734.jpg,/Users/morpheus/Desktop/bp3/IMG/left_2017_04_11_12_44_12_734.jpg,/Users/morpheus/Desktop/bp3/IMG/right_2017_04_11_12_44_12_734.jpg,-0.04731722,1,0,30.1902
/Users/morpheus/Desktop/bp3/IMG/center_2017_04_11_12_44_12_823.jpg,/Users/morpheus/Desktop/bp3/IMG/left_2017_04_11_12_44_12_823.jpg,/Users/morpheus/Desktop/bp3/IMG/right_2017_04_11_12_44_12_823.jpg,-0.05933078,1,0,30.19003
/Users/morpheus/Desktop/bp3/IMG/center_2017_04_11_12_44_12_890.jpg,/Users/morpheus/Desktop/bp3/IMG/left_2017_04_11_12_44_12_890.jpg,/Users/morpheus/Desktop/bp3/IMG/right_2017_04_11_12_44_12_890.jpg,-0.0662957,1,0,30.18968
/Users/morpheus/Desktop/bp3/IMG/center_2017_04_11_12_44_12_979.jpg,/Users/morpheus/Desktop/bp3/IMG/left_2017_04_11_12_44_12_979.jpg,/Users/morpheus/Desktop/bp3/IMG/right_2017_04_11_12_44_12_979.jpg,-0.0662957,1,0,30.19005
/Users/morpheus/Desktop/bp3/IMG/center_2017_04_11_12_44_13_066.jpg,/Users/morpheus/Desktop/bp3/IMG/left_2017_04_11_12_44_13_066.jpg,/Users/morpheus/Desktop/bp3/IMG/right_2017_04_11_12_44_13_066.jpg,-0.0662957,1,0,30.1901
/Users/morpheus/Desktop/bp3/IMG/center_2017_04_11_12_44_13_134.jpg,/Users/morpheus/Desktop/bp3/IMG/left_2017_04_11_12_44_13_134.jpg,/Users/morpheus/Desktop/bp3/IMG/right_2017_04_11_12_44_13_134.jpg,-0.0662957,1,0,30.19014
/Users/morpheus/Desktop/bp3/IMG/center_2017_04_11_12_44_13_216.jpg,/Users/morpheus/Desktop/bp3/IMG/left_2017_04_11_12_44_13_216.jpg,/Users/morpheus/Desktop/bp3/IMG/right_2017_04_11_12_44_13_216.jpg,-0.0662957,1,0,30.19013
/Users/morpheus/Desktop/bp3/IMG/center_2017_04_11_12_44_13_292.jpg,/Users/morpheus/Desktop/bp3/IMG/left_2017_04_11_12_44_13_292.jpg,/Users/morpheus/Desktop/bp3/IMG/right_2017_04_11_12_44_13_292.jpg,-0.0662957,1,0,30.19017
/Users/morpheus/Desktop/bp3/IMG/center_2017_04_11_12_44_13_375.jpg,/Users/morpheus/Desktop/bp3/IMG/left_2017_04_11_12_44_13_375.jpg,/Users/morpheus/Desktop/bp3/IMG/right_2017_04_11_12_44_13_375.jpg,-0.0662957,1,0,30.19019
/Users/morpheus/Desktop/bp3/IMG/center_2017_04_11_12_44_13_451.jpg,/Users/morpheus/Desktop/bp3/IMG/left_2017_04_11_12_44_13_451.jpg,/Users/morpheus/Desktop/bp3/IMG/right_2017_04_11_12_44_13_451.jpg,-0.0662957,1,0,30.19019
/Users/morpheus/Desktop/bp3/IMG/center_2017_04_11_12_44_13_523.jpg,/Users/morpheus/Desktop/bp3/IMG/left_2017_04_11_12_44_13_523.jpg,/Users/morpheus/Desktop/bp3/IMG/right_2017_04_11_12_44_13_523.jpg,-0.05715654,1,0,30.19034
/Users/morpheus/Desktop/bp3/IMG/center_2017_04_11_12_44_13_601.jpg,/Users/morpheus/Desktop/bp3/IMG/left_2017_04_11_12_44_13_601.jpg,/Users/morpheus/Desktop/bp3/IMG/right_2017_04_11_12_44_13_601.jpg,-0.03843603,1,0,30.19046
/Users/morpheus/Desktop/bp3/IMG/center_2017_04_11_12_44_13_689.jpg,/Users/morpheus/Desktop/bp3/IMG/left_2017_04_11_12_44_13_689.jpg,/Users/morpheus/Desktop/bp3/IMG/right_2017_04_11_12_44_13_689.jpg,-0.03386645,1,0,30.19037
/Users/morpheus/Desktop/bp3/IMG/center_2017_04_11_12_44_13_767.jpg,/Users/morpheus/Desktop/bp3/IMG/left_2017_04_11_12_44_13_767.jpg,/Users/morpheus/Desktop/bp3/IMG/right_2017_04_11_12_44_13_767.jpg,-0.03386645,1,0,30.19035
/Users/morpheus/Desktop/bp3/IMG/center_2017_04_11_12_44_13_842.jpg,/Users/morpheus/Desktop/bp3/IMG/left_2017_04_11_12_44_13_842.jpg,/Users/morpheus/Desktop/bp3/IMG/right_2017_04_11_12_44_13_842.jpg,-0.03386645,1,0,30.19037
/Users/morpheus/Desktop/bp3/IMG/center_2017_04_11_12_44_13_912.jpg,/Users/morpheus/Desktop/bp3/IMG/left_2017_04_11_12_44_13_912.jpg,/Users/morpheus/Desktop/bp3/IMG/right_2017_04_11_12_44_13_912.jpg,-0.03386645,1,0,30.1903
/Users/morpheus/Desktop/bp3/IMG/center_2017_04_11_12_44_13_985.jpg,/Users/morpheus/Desktop/bp3/IMG/left_2017_04_11_12_44_13_985.jpg,/Users/morpheus/Desktop/bp3/IMG/right_2017_04_11_12_44_13_985.jpg,-0.02929688,1,0,30.19026
/Users/morpheus/Desktop/bp3/IMG/center_2017_04_11_12_44_14_064.jpg,/Users/morpheus/Desktop/bp3/IMG/left_2017_04_11_12_44_14_064.jpg,/Users/morpheus/Desktop/bp3/IMG/right_2017_04_11_12_44_14_064.jpg,-0.01787294,1,0,30.19032
/Users/morpheus/Desktop/bp3/IMG/center_2017_04_11_12_44_14_138.jpg,/Users/morpheus/Desktop/bp3/IMG/left_2017_04_11_12_44_14_138.jpg,/Users/morpheus/Desktop/bp3/IMG/right_2017_04_11_12_44_14_138.jpg,-0.01787294,1,0,30.1903
/Users/morpheus/Desktop/bp3/IMG/center_2017_04_11_12_44_14_224.jpg,/Users/morpheus/Desktop/bp3/IMG/left_2017_04_11_12_44_14_224.jpg,/Users/morpheus/Desktop/bp3/IMG/right_2017_04_11_12_44_14_224.jpg,-0.01787294,1,0,30.19031
/Users/morpheus/Desktop/bp3/IMG/center_2017_04_11_12_44_14_301.jpg,/Users/morpheus/Desktop/bp3/IMG/left_2017_04_11_12_44_14_301.jpg,/Users/morpheus/Desktop/bp3/IMG/right_2017_04_11_12_44_14_301.jpg,-0.01787294,1,0,30.19031
/Users/morpheus/Desktop/bp3/IMG/center_2017_04_11_12_44_14_370.jpg,/Users/morpheus/Desktop/bp3/IMG/left_2017_04_11_12_44_14_370.jpg,/Users/morpheus/Desktop/bp3/IMG/right_2017_04_11_12_44_14_370.jpg,-0.02019458,1,0,30.19033
/Users/morpheus/Desktop/bp3/IMG/center_2017_04_11_12_44_14_454.jpg,/Users/morpheus/Desktop/bp3/IMG/left_2017_04_11_12_44_14_454.jpg,/Users/morpheus/Desktop/bp3/IMG/right_2017_04_11_12_44_14_454.jpg,-0.03644605,1,0,30.19018
/Users/morpheus/Desktop/bp3/IMG/center_2017_04_11_12_44_14_527.jpg,/Users/morpheus/Desktop/bp3/IMG/left_2017_04_11_12_44_14_527.jpg,/Users/morpheus/Desktop/bp3/IMG/right_2017_04_11_12_44_14_527.jpg,-0.03876769,1,0,30.19014
/Users/morpheus/Desktop/bp3/IMG/center_2017_04_11_12_44_14_606.jpg,/Users/morpheus/Desktop/bp3/IMG/left_2017_04_11_12_44_14_606.jpg,/Users/morpheus/Desktop/bp3/IMG/right_2017_04_11_12_44_14_606.jpg,-0.04108933,1,0,30.19014
/Users/morpheus/Desktop/bp3/IMG/center_2017_04_11_12_44_14_702.jpg,/Users/morpheus/Desktop/bp3/IMG/left_2017_04_11_12_44_14_702.jpg,/Users/morpheus/Desktop/bp3/IMG/right_2017_04_11_12_44_14_702.jpg,-0.04341097,1,0,30.19019
/Users/morpheus/Desktop/bp3/IMG/center_2017_04_11_12_44_14_774.jpg,/Users/morpheus/Desktop/bp3/IMG/left_2017_04_11_12_44_14_774.jpg,/Users/morpheus/Desktop/bp3/IMG/right_2017_04_11_12_44_14_774.jpg,-0.04341097,1,0,30.19021
/Users/morpheus/Desktop/bp3/IMG/center_2017_04_11_12_44_14_847.jpg,/Users/morpheus/Desktop/bp3/IMG/left_2017_04_11_12_44_14_847.jpg,/Users/morpheus/Desktop/bp3/IMG/right_2017_04_11_12_44_14_847.jpg,-0.04341097,1,0,30.19068
/Users/morpheus/Desktop/bp3/IMG/center_2017_04_11_12_44_14_926.jpg,/Users/morpheus/Desktop/bp3/IMG/left_2017_04_11_12_44_14_926.jpg,/Users/morpheus/Desktop/bp3/IMG/right_2017_04_11_12_44_14_926.jpg,-0.04341097,1,0,30.19025
/Users/morpheus/Desktop/bp3/IMG/center_2017_04_11_12_44_15_008.jpg,/Users/morpheus/Desktop/bp3/IMG/left_2017_04_11_12_44_15_008.jpg,/Users/morpheus/Desktop/bp3/IMG/right_2017_04_11_12_44_15_008.jpg,-0.04341097,1,0,30.19019
/Users/morpheus/Desktop/bp3/IMG/center_2017_04_11_12_44_15_092.jpg,/Users/morpheus/Desktop/bp3/IMG/left_2017_04_11_12_44_15_092.jpg,/Users/morpheus/Desktop/bp3/IMG/right_2017_04_11_12_44_15_092.jpg,-0.04341097,1,0,30.1902
/Users/morpheus/Desktop/bp3/IMG/center_2017_04_11_12_44_15_162.jpg,/Users/morpheus/Desktop/bp3/IMG/left_2017_04_11_12_44_15_162.jpg,/Users/morpheus/Desktop/bp3/IMG/right_2017_04_11_12_44_15_162.jpg,-0.04341097,1,0,30.19022
/Users/morpheus/Desktop/bp3/IMG/center_2017_04_11_12_44_15_236.jpg,/Users/morpheus/Desktop/bp3/IMG/left_2017_04_11_12_44_15_236.jpg,/Users/morpheus/Desktop/bp3/IMG/right_2017_04_11_12_44_15_236.jpg,-0.04341097,1,0,30.19024
/Users/morpheus/Desktop/bp3/IMG/center_2017_04_11_12_44_15_306.jpg,/Users/morpheus/Desktop/bp3/IMG/left_2017_04_11_12_44_15_306.jpg,/Users/morpheus/Desktop/bp3/IMG/right_2017_04_11_12_44_15_306.jpg,-0.04341097,1,0,30.19026
/Users/morpheus/Desktop/bp3/IMG/center_2017_04_11_12_44_15_382.jpg,/Users/morpheus/Desktop/bp3/IMG/left_2017_04_11_12_44_15_382.jpg,/Users/morpheus/Desktop/bp3/IMG/right_2017_04_11_12_44_15_382.jpg,-0.04341097,1,0,30.19027
/Users/morpheus/Desktop/bp3/IMG/center_2017_04_11_12_44_15_465.jpg,/Users/morpheus/Desktop/bp3/IMG/left_2017_04_11_12_44_15_465.jpg,/Users/morpheus/Desktop/bp3/IMG/right_2017_04_11_12_44_15_465.jpg,-0.04341097,1,0,30.19023
/Users/morpheus/Desktop/bp3/IMG/center_2017_04_11_12_44_15_539.jpg,/Users/morpheus/Desktop/bp3/IMG/left_2017_04_11_12_44_15_539.jpg,/Users/morpheus/Desktop/bp3/IMG/right_2017_04_11_12_44_15_539.jpg,-0.04341097,1,0,30.19025
/Users/morpheus/Desktop/bp3/IMG/center_2017_04_11_12_44_15_609.jpg,/Users/morpheus/Desktop/bp3/IMG/left_2017_04_11_12_44_15_609.jpg,/Users/morpheus/Desktop/bp3/IMG/right_2017_04_11_12_44_15_609.jpg,-0.04341097,1,0,30.19029
/Users/morpheus/Desktop/bp3/IMG/center_2017_04_11_12_44_15_679.jpg,/Users/morpheus/Desktop/bp3/IMG/left_2017_04_11_12_44_15_679.jpg,/Users/morpheus/Desktop/bp3/IMG/right_2017_04_11_12_44_15_679.jpg,-0.04341097,1,0,30.19025
/Users/morpheus/Desktop/bp3/IMG/center_2017_04_11_12_44_15_770.jpg,/Users/morpheus/Desktop/bp3/IMG/left_2017_04_11_12_44_15_770.jpg,/Users/morpheus/Desktop/bp3/IMG/right_2017_04_11_12_44_15_770.jpg,-0.04341097,1,0,30.19024
/Users/morpheus/Desktop/bp3/IMG/center_2017_04_11_12_44_15_854.jpg,/Users/morpheus/Desktop/bp3/IMG/left_2017_04_11_12_44_15_854.jpg,/Users/morpheus/Desktop/bp3/IMG/right_2017_04_11_12_44_15_854.jpg,-0.04341097,1,0,30.19034
/Users/morpheus/Desktop/bp3/IMG/center_2017_04_11_12_44_15_940.jpg,/Users/morpheus/Desktop/bp3/IMG/left_2017_04_11_12_44_15_940.jpg,/Users/morpheus/Desktop/bp3/IMG/right_2017_04_11_12_44_15_940.jpg,-0.04341097,1,0,30.19027
/Users/morpheus/Desktop/bp3/IMG/center_2017_04_11_12_44_16_021.jpg,/Users/morpheus/Desktop/bp3/IMG/left_2017_04_11_12_44_16_021.jpg,/Users/morpheus/Desktop/bp3/IMG/right_2017_04_11_12_44_16_021.jpg,-0.04341097,1,0,30.19038
/Users/morpheus/Desktop/bp3/IMG/center_2017_04_11_12_44_16_104.jpg,/Users/morpheus/Desktop/bp3/IMG/left_2017_04_11_12_44_16_104.jpg,/Users/morpheus/Desktop/bp3/IMG/right_2017_04_11_12_44_16_104.jpg,-0.04805424,1,0,30.1902
/Users/morpheus/Desktop/bp3/IMG/center_2017_04_11_12_44_16_192.jpg,/Users/morpheus/Desktop/bp3/IMG/left_2017_04_11_12_44_16_192.jpg,/Users/morpheus/Desktop/bp3/IMG/right_2017_04_11_12_44_16_192.jpg,-0.05269752,1,0,30.19017
/Users/morpheus/Desktop/bp3/IMG/center_2017_04_11_12_44_16_261.jpg,/Users/morpheus/Desktop/bp3/IMG/left_2017_04_11_12_44_16_261.jpg,/Users/morpheus/Desktop/bp3/IMG/right_2017_04_11_12_44_16_261.jpg,-0.06198408,1,0,30.19005
/Users/morpheus/Desktop/bp3/IMG/center_2017_04_11_12_44_16_335.jpg,/Users/morpheus/Desktop/bp3/IMG/left_2017_04_11_12_44_16_335.jpg,/Users/morpheus/Desktop/bp3/IMG/right_2017_04_11_12_44_16_335.jpg,-0.06430572,1,0,30.1901
/Users/morpheus/Desktop/bp3/IMG/center_2017_04_11_12_44_16_407.jpg,/Users/morpheus/Desktop/bp3/IMG/left_2017_04_11_12_44_16_407.jpg,/Users/morpheus/Desktop/bp3/IMG/right_2017_04_11_12_44_16_407.jpg,-0.06430572,1,0,30.19012
/Users/morpheus/Desktop/bp3/IMG/center_2017_04_11_12_44_16_492.jpg,/Users/morpheus/Desktop/bp3/IMG/left_2017_04_11_12_44_16_492.jpg,/Users/morpheus/Desktop/bp3/IMG/right_2017_04_11_12_44_16_492.jpg,-0.06430572,1,0,30.19019
/Users/morpheus/Desktop/bp3/IMG/center_2017_04_11_12_44_16_570.jpg,/Users/morpheus/Desktop/bp3/IMG/left_2017_04_11_12_44_16_570.jpg,/Users/morpheus/Desktop/bp3/IMG/right_2017_04_11_12_44_16_570.jpg,-0.06430572,1,0,30.19013
/Users/morpheus/Desktop/bp3/IMG/center_2017_04_11_12_44_16_655.jpg,/Users/morpheus/Desktop/bp3/IMG/left_2017_04_11_12_44_16_655.jpg,/Users/morpheus/Desktop/bp3/IMG/right_2017_04_11_12_44_16_655.jpg,-0.068949,1,0,30.19015
/Users/morpheus/Desktop/bp3/IMG/center_2017_04_11_12_44_16_736.jpg,/Users/morpheus/Desktop/bp3/IMG/left_2017_04_11_12_44_16_736.jpg,/Users/morpheus/Desktop/bp3/IMG/right_2017_04_11_12_44_16_736.jpg,-0.068949,1,0,30.19001
/Users/morpheus/Desktop/bp3/IMG/center_2017_04_11_12_44_16_822.jpg,/Users/morpheus/Desktop/bp3/IMG/left_2017_04_11_12_44_16_822.jpg,/Users/morpheus/Desktop/bp3/IMG/right_2017_04_11_12_44_16_822.jpg,-0.068949,1,0,30.19013
/Users/morpheus/Desktop/bp3/IMG/center_2017_04_11_12_44_16_901.jpg,/Users/morpheus/Desktop/bp3/IMG/left_2017_04_11_12_44_16_901.jpg,/Users/morpheus/Desktop/bp3/IMG/right_2017_04_11_12_44_16_901.jpg,-0.068949,1,0,30.19013
/Users/morpheus/Desktop/bp3/IMG/center_2017_04_11_12_44_16_982.jpg,/Users/morpheus/Desktop/bp3/IMG/left_2017_04_11_12_44_16_982.jpg,/Users/morpheus/Desktop/bp3/IMG/right_2017_04_11_12_44_16_982.jpg,-0.068949,1,0,30.19012
/Users/morpheus/Desktop/bp3/IMG/center_2017_04_11_12_44_17_052.jpg,/Users/morpheus/Desktop/bp3/IMG/left_2017_04_11_12_44_17_052.jpg,/Users/morpheus/Desktop/bp3/IMG/right_2017_04_11_12_44_17_052.jpg,-0.07127064,1,0,30.19015
/Users/morpheus/Desktop/bp3/IMG/center_2017_04_11_12_44_17_120.jpg,/Users/morpheus/Desktop/bp3/IMG/left_2017_04_11_12_44_17_120.jpg,/Users/morpheus/Desktop/bp3/IMG/right_2017_04_11_12_44_17_120.jpg,-0.07359228,1,0,30.19016
/Users/morpheus/Desktop/bp3/IMG/center_2017_04_11_12_44_17_188.jpg,/Users/morpheus/Desktop/bp3/IMG/left_2017_04_11_12_44_17_188.jpg,/Users/morpheus/Desktop/bp3/IMG/right_2017_04_11_12_44_17_188.jpg,-0.07591391,1,0,30.19011
/Users/morpheus/Desktop/bp3/IMG/center_2017_04_11_12_44_17_270.jpg,/Users/morpheus/Desktop/bp3/IMG/left_2017_04_11_12_44_17_270.jpg,/Users/morpheus/Desktop/bp3/IMG/right_2017_04_11_12_44_17_270.jpg,-0.0805572,1,0,30.19007
/Users/morpheus/Desktop/bp3/IMG/center_2017_04_11_12_44_17_348.jpg,/Users/morpheus/Desktop/bp3/IMG/left_2017_04_11_12_44_17_348.jpg,/Users/morpheus/Desktop/bp3/IMG/right_2017_04_11_12_44_17_348.jpg,-0.08520047,1,0,30.18999
/Users/morpheus/Desktop/bp3/IMG/center_2017_04_11_12_44_17_424.jpg,/Users/morpheus/Desktop/bp3/IMG/left_2017_04_11_12_44_17_424.jpg,/Users/morpheus/Desktop/bp3/IMG/right_2017_04_11_12_44_17_424.jpg,-0.08520047,1,0,30.19009
/Users/morpheus/Desktop/bp3/IMG/center_2017_04_11_12_44_17_502.jpg,/Users/morpheus/Desktop/bp3/IMG/left_2017_04_11_12_44_17_502.jpg,/Users/morpheus/Desktop/bp3/IMG/right_2017_04_11_12_44_17_502.jpg,-0.08520047,1,0,30.1901
/Users/morpheus/Desktop/bp3/IMG/center_2017_04_11_12_44_17_581.jpg,/Users/morpheus/Desktop/bp3/IMG/left_2017_04_11_12_44_17_581.jpg,/Users/morpheus/Desktop/bp3/IMG/right_2017_04_11_12_44_17_581.jpg,-0.08520047,1,0,30.18994
/Users/morpheus/Desktop/bp3/IMG/center_2017_04_11_12_44_17_661.jpg,/Users/morpheus/Desktop/bp3/IMG/left_2017_04_11_12_44_17_661.jpg,/Users/morpheus/Desktop/bp3/IMG/right_2017_04_11_12_44_17_661.jpg,-0.08520047,1,0,30.19015
/Users/morpheus/Desktop/bp3/IMG/center_2017_04_11_12_44_17_741.jpg,/Users/morpheus/Desktop/bp3/IMG/left_2017_04_11_12_44_17_741.jpg,/Users/morpheus/Desktop/bp3/IMG/right_2017_04_11_12_44_17_741.jpg,-0.08520047,1,0,30.19013
/Users/morpheus/Desktop/bp3/IMG/center_2017_04_11_12_44_17_821.jpg,/Users/morpheus/Desktop/bp3/IMG/left_2017_04_11_12_44_17_821.jpg,/Users/morpheus/Desktop/bp3/IMG/right_2017_04_11_12_44_17_821.jpg,-0.08520047,1,0,30.19016
/Users/morpheus/Desktop/bp3/IMG/center_2017_04_11_12_44_17_890.jpg,/Users/morpheus/Desktop/bp3/IMG/left_2017_04_11_12_44_17_890.jpg,/Users/morpheus/Desktop/bp3/IMG/right_2017_04_11_12_44_17_890.jpg,-0.08520047,1,0,30.19012
/Users/morpheus/Desktop/bp3/IMG/center_2017_04_11_12_44_17_970.jpg,/Users/morpheus/Desktop/bp3/IMG/left_2017_04_11_12_44_17_970.jpg,/Users/morpheus/Desktop/bp3/IMG/right_2017_04_11_12_44_17_970.jpg,-0.08520047,1,0,30.19011
/Users/morpheus/Desktop/bp3/IMG/center_2017_04_11_12_44_18_042.jpg,/Users/morpheus/Desktop/bp3/IMG/left_2017_04_11_12_44_18_042.jpg,/Users/morpheus/Desktop/bp3/IMG/right_2017_04_11_12_44_18_042.jpg,-0.08520047,1,0,30.19053
/Users/morpheus/Desktop/bp3/IMG/center_2017_04_11_12_44_18_132.jpg,/Users/morpheus/Desktop/bp3/IMG/left_2017_04_11_12_44_18_132.jpg,/Users/morpheus/Desktop/bp3/IMG/right_2017_04_11_12_44_18_132.jpg,-0.08520047,1,0,30.18952
/Users/morpheus/Desktop/bp3/IMG/center_2017_04_11_12_44_18_212.jpg,/Users/morpheus/Desktop/bp3/IMG/left_2017_04_11_12_44_18_212.jpg,/Users/morpheus/Desktop/bp3/IMG/right_2017_04_11_12_44_18_212.jpg,-0.08520047,1,0,30.1899
/Users/morpheus/Desktop/bp3/IMG/center_2017_04_11_12_44_18_285.jpg,/Users/morpheus/Desktop/bp3/IMG/left_2017_04_11_12_44_18_285.jpg,/Users/morpheus/Desktop/bp3/IMG/right_2017_04_11_12_44_18_285.jpg,-0.08520047,1,0,30.1898
/Users/morpheus/Desktop/bp3/IMG/center_2017_04_11_12_44_18_363.jpg,/Users/morpheus/Desktop/bp3/IMG/left_2017_04_11_12_44_18_363.jpg,/Users/morpheus/Desktop/bp3/IMG/right_2017_04_11_12_44_18_363.jpg,-0.08520047,1,0,30.19093
/Users/morpheus/Desktop/bp3/IMG/center_2017_04_11_12_44_18_461.jpg,/Users/morpheus/Desktop/bp3/IMG/left_2017_04_11_12_44_18_461.jpg,/Users/morpheus/Desktop/bp3/IMG/right_2017_04_11_12_44_18_461.jpg,-0.08520047,1,0,30.19005
/Users/morpheus/Desktop/bp3/IMG/center_2017_04_11_12_44_18_539.jpg,/Users/morpheus/Desktop/bp3/IMG/left_2017_04_11_12_44_18_539.jpg,/Users/morpheus/Desktop/bp3/IMG/right_2017_04_11_12_44_18_539.jpg,-0.07834611,1,0,30.18845
/Users/morpheus/Desktop/bp3/IMG/center_2017_04_11_12_44_18_622.jpg,/Users/morpheus/Desktop/bp3/IMG/left_2017_04_11_12_44_18_622.jpg,/Users/morpheus/Desktop/bp3/IMG/right_2017_04_11_12_44_18_622.jpg,-0.05962559,1,0,30.1907
/Users/morpheus/Desktop/bp3/IMG/center_2017_04_11_12_44_18_690.jpg,/Users/morpheus/Desktop/bp3/IMG/left_2017_04_11_12_44_18_690.jpg,/Users/morpheus/Desktop/bp3/IMG/right_2017_04_11_12_44_18_690.jpg,-0.0573408,1,0,30.19036
/Users/morpheus/Desktop/bp3/IMG/center_2017_04_11_12_44_18_764.jpg,/Users/morpheus/Desktop/bp3/IMG/left_2017_04_11_12_44_18_764.jpg,/Users/morpheus/Desktop/bp3/IMG/right_2017_04_11_12_44_18_764.jpg,-0.0573408,1,0,30.19017
/Users/morpheus/Desktop/bp3/IMG/center_2017_04_11_12_44_18_842.jpg,/Users/morpheus/Desktop/bp3/IMG/left_2017_04_11_12_44_18_842.jpg,/Users/morpheus/Desktop/bp3/IMG/right_2017_04_11_12_44_18_842.jpg,-0.0573408,1,0,30.19011
/Users/morpheus/Desktop/bp3/IMG/center_2017_04_11_12_44_18_925.jpg,/Users/morpheus/Desktop/bp3/IMG/left_2017_04_11_12_44_18_925.jpg,/Users/morpheus/Desktop/bp3/IMG/right_2017_04_11_12_44_18_925.jpg,-0.0573408,1,0,30.19004
/Users/morpheus/Desktop/bp3/IMG/center_2017_04_11_12_44_18_996.jpg,/Users/morpheus/Desktop/bp3/IMG/left_2017_04_11_12_44_18_996.jpg,/Users/morpheus/Desktop/bp3/IMG/right_2017_04_11_12_44_18_996.jpg,-0.0573408,1,0,30.19002
/Users/morpheus/Desktop/bp3/IMG/center_2017_04_11_12_44_19_077.jpg,/Users/morpheus/Desktop/bp3/IMG/left_2017_04_11_12_44_19_077.jpg,/Users/morpheus/Desktop/bp3/IMG/right_2017_04_11_12_44_19_077.jpg,-0.0573408,1,0,30.19118
/Users/morpheus/Desktop/bp3/IMG/center_2017_04_11_12_44_19_155.jpg,/Users/morpheus/Desktop/bp3/IMG/left_2017_04_11_12_44_19_155.jpg,/Users/morpheus/Desktop/bp3/IMG/right_2017_04_11_12_44_19_155.jpg,-0.0573408,1,0,30.19042
/Users/morpheus/Desktop/bp3/IMG/center_2017_04_11_12_44_19_228.jpg,/Users/morpheus/Desktop/bp3/IMG/left_2017_04_11_12_44_19_228.jpg,/Users/morpheus/Desktop/bp3/IMG/right_2017_04_11_12_44_19_228.jpg,-0.0573408,1,0,30.19024
/Users/morpheus/Desktop/bp3/IMG/center_2017_04_11_12_44_19_311.jpg,/Users/morpheus/Desktop/bp3/IMG/left_2017_04_11_12_44_19_311.jpg,/Users/morpheus/Desktop/bp3/IMG/right_2017_04_11_12_44_19_311.jpg,-0.0573408,1,0,30.19096
/Users/morpheus/Desktop/bp3/IMG/center_2017_04_11_12_44_19_387.jpg,/Users/morpheus/Desktop/bp3/IMG/left_2017_04_11_12_44_19_387.jpg,/Users/morpheus/Desktop/bp3/IMG/right_2017_04_11_12_44_19_387.jpg,-0.06198408,1,0,30.19042
/Users/morpheus/Desktop/bp3/IMG/center_2017_04_11_12_44_19_467.jpg,/Users/morpheus/Desktop/bp3/IMG/left_2017_04_11_12_44_19_467.jpg,/Users/morpheus/Desktop/bp3/IMG/right_2017_04_11_12_44_19_467.jpg,-0.07591391,1,0,30.19
/Users/morpheus/Desktop/bp3/IMG/center_2017_04_11_12_44_19_544.jpg,/Users/morpheus/Desktop/bp3/IMG/left_2017_04_11_12_44_19_544.jpg,/Users/morpheus/Desktop/bp3/IMG/right_2017_04_11_12_44_19_544.jpg,-0.0805572,1,0,30.18993
/Users/morpheus/Desktop/bp3/IMG/center_2017_04_11_12_44_19_625.jpg,/Users/morpheus/Desktop/bp3/IMG/left_2017_04_11_12_44_19_625.jpg,/Users/morpheus/Desktop/bp3/IMG/right_2017_04_11_12_44_19_625.jpg,-0.08520047,1,0,30.18984
/Users/morpheus/Desktop/bp3/IMG/center_2017_04_11_12_44_19_706.jpg,/Users/morpheus/Desktop/bp3/IMG/left_2017_04_11_12_44_19_706.jpg,/Users/morpheus/Desktop/bp3/IMG/right_2017_04_11_12_44_19_706.jpg,-0.08752212,1,0,30.18985
/Users/morpheus/Desktop/bp3/IMG/center_2017_04_11_12_44_19_780.jpg,/Users/morpheus/Desktop/bp3/IMG/left_2017_04_11_12_44_19_780.jpg,/Users/morpheus/Desktop/bp3/IMG/right_2017_04_11_12_44_19_780.jpg,-0.08984375,1,0,30.19122
/Users/morpheus/Desktop/bp3/IMG/center_2017_04_11_12_44_19_858.jpg,/Users/morpheus/Desktop/bp3/IMG/left_2017_04_11_12_44_19_858.jpg,/Users/morpheus/Desktop/bp3/IMG/right_2017_04_11_12_44_19_858.jpg,-0.08984375,1,0,30.19028
/Users/morpheus/Desktop/bp3/IMG/center_2017_04_11_12_44_19_946.jpg,/Users/morpheus/Desktop/bp3/IMG/left_2017_04_11_12_44_19_946.jpg,/Users/morpheus/Desktop/bp3/IMG/right_2017_04_11_12_44_19_946.jpg,-0.08984375,1,0,30.19013
/Users/morpheus/Desktop/bp3/IMG/center_2017_04_11_12_44_20_030.jpg,/Users/morpheus/Desktop/bp3/IMG/left_2017_04_11_12_44_20_030.jpg,/Users/morpheus/Desktop/bp3/IMG/right_2017_04_11_12_44_20_030.jpg,-0.08984375,1,0,30.19074
/Users/morpheus/Desktop/bp3/IMG/center_2017_04_11_12_44_20_107.jpg,/Users/morpheus/Desktop/bp3/IMG/left_2017_04_11_12_44_20_107.jpg,/Users/morpheus/Desktop/bp3/IMG/right_2017_04_11_12_44_20_107.jpg,-0.08984375,1,0,30.19017
/Users/morpheus/Desktop/bp3/IMG/center_2017_04_11_12_44_20_189.jpg,/Users/morpheus/Desktop/bp3/IMG/left_2017_04_11_12_44_20_189.jpg,/Users/morpheus/Desktop/bp3/IMG/right_2017_04_11_12_44_20_189.jpg,-0.08984375,1,0,30.19019
/Users/morpheus/Desktop/bp3/IMG/center_2017_04_11_12_44_20_265.jpg,/Users/morpheus/Desktop/bp3/IMG/left_2017_04_11_12_44_20_265.jpg,/Users/morpheus/Desktop/bp3/IMG/right_2017_04_11_12_44_20_265.jpg,-0.08984375,1,0,30.19015
/Users/morpheus/Desktop/bp3/IMG/center_2017_04_11_12_44_20_342.jpg,/Users/morpheus/Desktop/bp3/IMG/left_2017_04_11_12_44_20_342.jpg,/Users/morpheus/Desktop/bp3/IMG/right_2017_04_11_12_44_20_342.jpg,-0.09216538,1,0,30.18996
/Users/morpheus/Desktop/bp3/IMG/center_2017_04_11_12_44_20_417.jpg,/Users/morpheus/Desktop/bp3/IMG/left_2017_04_11_12_44_20_417.jpg,/Users/morpheus/Desktop/bp3/IMG/right_2017_04_11_12_44_20_417.jpg,-0.1014888,1,0,30.18959
/Users/morpheus/Desktop/bp3/IMG/center_2017_04_11_12_44_20_493.jpg,/Users/morpheus/Desktop/bp3/IMG/left_2017_04_11_12_44_20_493.jpg,/Users/morpheus/Desktop/bp3/IMG/right_2017_04_11_12_44_20_493.jpg,-0.1038104,1,0,30.1898
/Users/morpheus/Desktop/bp3/IMG/center_2017_04_11_12_44_20_567.jpg,/Users/morpheus/Desktop/bp3/IMG/left_2017_04_11_12_44_20_567.jpg,/Users/morpheus/Desktop/bp3/IMG/right_2017_04_11_12_44_20_567.jpg,-0.1038104,1,0,30.18996
/Users/morpheus/Desktop/bp3/IMG/center_2017_04_11_12_44_20_644.jpg,/Users/morpheus/Desktop/bp3/IMG/left_2017_04_11_12_44_20_644.jpg,/Users/morpheus/Desktop/bp3/IMG/right_2017_04_11_12_44_20_644.jpg,-0.1061321,1,0,30.19003
/Users/morpheus/Desktop/bp3/IMG/center_2017_04_11_12_44_20_719.jpg,/Users/morpheus/Desktop/bp3/IMG/left_2017_04_11_12_44_20_719.jpg,/Users/morpheus/Desktop/bp3/IMG/right_2017_04_11_12_44_20_719.jpg,-0.1177403,1,0,30.18964
/Users/morpheus/Desktop/bp3/IMG/center_2017_04_11_12_44_20_794.jpg,/Users/morpheus/Desktop/bp3/IMG/left_2017_04_11_12_44_20_794.jpg,/Users/morpheus/Desktop/bp3/IMG/right_2017_04_11_12_44_20_794.jpg,-0.1417674,1,0,30.18885
/Users/morpheus/Desktop/bp3/IMG/center_2017_04_11_12_44_20_869.jpg,/Users/morpheus/Desktop/bp3/IMG/left_2017_04_11_12_44_20_869.jpg,/Users/morpheus/Desktop/bp3/IMG/right_2017_04_11_12_44_20_869.jpg,-0.1556972,1,0,30.18856
/Users/morpheus/Desktop/bp3/IMG/center_2017_04_11_12_44_20_941.jpg,/Users/morpheus/Desktop/bp3/IMG/left_2017_04_11_12_44_20_941.jpg,/Users/morpheus/Desktop/bp3/IMG/right_2017_04_11_12_44_20_941.jpg,-0.1556972,1,0,30.18909
/Users/morpheus/Desktop/bp3/IMG/center_2017_04_11_12_44_21_010.jpg,/Users/morpheus/Desktop/bp3/IMG/left_2017_04_11_12_44_21_010.jpg,/Users/morpheus/Desktop/bp3/IMG/right_2017_04_11_12_44_21_010.jpg,-0.1556972,1,0,30.18934
/Users/morpheus/Desktop/bp3/IMG/center_2017_04_11_12_44_21_085.jpg,/Users/morpheus/Desktop/bp3/IMG/left_2017_04_11_12_44_21_085.jpg,/Users/morpheus/Desktop/bp3/IMG/right_2017_04_11_12_44_21_085.jpg,-0.1556972,1,0,30.18951
/Users/morpheus/Desktop/bp3/IMG/center_2017_04_11_12_44_21_160.jpg,/Users/morpheus/Desktop/bp3/IMG/left_2017_04_11_12_44_21_160.jpg,/Users/morpheus/Desktop/bp3/IMG/right_2017_04_11_12_44_21_160.jpg,-0.1580189,1,0,30.18958
/Users/morpheus/Desktop/bp3/IMG/center_2017_04_11_12_44_21_242.jpg,/Users/morpheus/Desktop/bp3/IMG/left_2017_04_11_12_44_21_242.jpg,/Users/morpheus/Desktop/bp3/IMG/right_2017_04_11_12_44_21_242.jpg,-0.1488797,1,0,30.18995
/Users/morpheus/Desktop/bp3/IMG/center_2017_04_11_12_44_21_314.jpg,/Users/morpheus/Desktop/bp3/IMG/left_2017_04_11_12_44_21_314.jpg,/Users/morpheus/Desktop/bp3/IMG/right_2017_04_11_12_44_21_314.jpg,-0.1374558,1,0,30.19036
/Users/morpheus/Desktop/bp3/IMG/center_2017_04_11_12_44_21_382.jpg,/Users/morpheus/Desktop/bp3/IMG/left_2017_04_11_12_44_21_382.jpg,/Users/morpheus/Desktop/bp3/IMG/right_2017_04_11_12_44_21_382.jpg,-0.135171,1,0,30.19024
/Users/morpheus/Desktop/bp3/IMG/center_2017_04_11_12_44_21_449.jpg,/Users/morpheus/Desktop/bp3/IMG/left_2017_04_11_12_44_21_449.jpg,/Users/morpheus/Desktop/bp3/IMG/right_2017_04_11_12_44_21_449.jpg,-0.1328862,1,0,30.19018
/Users/morpheus/Desktop/bp3/IMG/center_2017_04_11_12_44_21_533.jpg,/Users/morpheus/Desktop/bp3/IMG/left_2017_04_11_12_44_21_533.jpg,/Users/morpheus/Desktop/bp3/IMG/right_2017_04_11_12_44_21_533.jpg,-0.1306014,1,0,30.19013
/Users/morpheus/Desktop/bp3/IMG/center_2017_04_11_12_44_21_608.jpg,/Users/morpheus/Desktop/bp3/IMG/left_2017_04_11_12_44_21_608.jpg,/Users/morpheus/Desktop/bp3/IMG/right_2017_04_11_12_44_21_608.jpg,-0.1036999,1,0,30.19072
/Users/morpheus/Desktop/bp3/IMG/center_2017_04_11_12_44_21_680.jpg,/Users/morpheus/Desktop/bp3/IMG/left_2017_04_11_12_44_21_680.jpg,/Users/morpheus/Desktop/bp3/IMG/right_2017_04_11_12_44_21_680.jpg,-0.07871462,1,0,30.19077
/Users/morpheus/Desktop/bp3/IMG/center_2017_04_11_12_44_21_753.jpg,/Users/morpheus/Desktop/bp3/IMG/left_2017_04_11_12_44_21_753.jpg,/Users/morpheus/Desktop/bp3/IMG/right_2017_04_11_12_44_21_753.jpg,-0.07186026,1,0,30.19033
/Users/morpheus/Desktop/bp3/IMG/center_2017_04_11_12_44_21_825.jpg,/Users/morpheus/Desktop/bp3/IMG/left_2017_04_11_12_44_21_825.jpg,/Users/morpheus/Desktop/bp3/IMG/right_2017_04_11_12_44_21_825.jpg,-0.06957547,1,0,30.19053
/Users/morpheus/Desktop/bp3/IMG/center_2017_04_11_12_44_21_897.jpg,/Users/morpheus/Desktop/bp3/IMG/left_2017_04_11_12_44_21_897.jpg,/Users/morpheus/Desktop/bp3/IMG/right_2017_04_11_12_44_21_897.jpg,-0.06957547,1,0,30.1904
/Users/morpheus/Desktop/bp3/IMG/center_2017_04_11_12_44_21_974.jpg,/Users/morpheus/Desktop/bp3/IMG/left_2017_04_11_12_44_21_974.jpg,/Users/morpheus/Desktop/bp3/IMG/right_2017_04_11_12_44_21_974.jpg,-0.06957547,1,0,30.19024
/Users/morpheus/Desktop/bp3/IMG/center_2017_04_11_12_44_22_051.jpg,/Users/morpheus/Desktop/bp3/IMG/left_2017_04_11_12_44_22_051.jpg,/Users/morpheus/Desktop/bp3/IMG/right_2017_04_11_12_44_22_051.jpg,-0.06957547,1,0,30.19028
/Users/morpheus/Desktop/bp3/IMG/center_2017_04_11_12_44_22_126.jpg,/Users/morpheus/Desktop/bp3/IMG/left_2017_04_11_12_44_22_126.jpg,/Users/morpheus/Desktop/bp3/IMG/right_2017_04_11_12_44_22_126.jpg,-0.06957547,1,0,30.19022
/Users/morpheus/Desktop/bp3/IMG/center_2017_04_11_12_44_22_201.jpg,/Users/morpheus/Desktop/bp3/IMG/left_2017_04_11_12_44_22_201.jpg,/Users/morpheus/Desktop/bp3/IMG/right_2017_04_11_12_44_22_201.jpg,-0.06957547,1,0,30.19024
/Users/morpheus/Desktop/bp3/IMG/center_2017_04_11_12_44_22_275.jpg,/Users/morpheus/Desktop/bp3/IMG/left_2017_04_11_12_44_22_275.jpg,/Users/morpheus/Desktop/bp3/IMG/right_2017_04_11_12_44_22_275.jpg,-0.06729069,1,0,30.19028
/Users/morpheus/Desktop/bp3/IMG/center_2017_04_11_12_44_22_357.jpg,/Users/morpheus/Desktop/bp3/IMG/left_2017_04_11_12_44_22_357.jpg,/Users/morpheus/Desktop/bp3/IMG/right_2017_04_11_12_44_22_357.jpg,-0.06272111,1,0,30.19031
/Users/morpheus/Desktop/bp3/IMG/center_2017_04_11_12_44_22_434.jpg,/Users/morpheus/Desktop/bp3/IMG/left_2017_04_11_12_44_22_434.jpg,/Users/morpheus/Desktop/bp3/IMG/right_2017_04_11_12_44_22_434.jpg,-0.05586674,1,0,30.19053
/Users/morpheus/Desktop/bp3/IMG/center_2017_04_11_12_44_22_511.jpg,/Users/morpheus/Desktop/bp3/IMG/left_2017_04_11_12_44_22_511.jpg,/Users/morpheus/Desktop/bp3/IMG/right_2017_04_11_12_44_22_511.jpg,-0.03441922,1,0,30.19044
/Users/morpheus/Desktop/bp3/IMG/center_2017_04_11_12_44_22_588.jpg,/Users/morpheus/Desktop/bp3/IMG/left_2017_04_11_12_44_22_588.jpg,/Users/morpheus/Desktop/bp3/IMG/right_2017_04_11_12_44_22_588.jpg,-0.02756486,1,0,30.19038
/Users/morpheus/Desktop/bp3/IMG/center_2017_04_11_12_44_22_666.jpg,/Users/morpheus/Desktop/bp3/IMG/left_2017_04_11_12_44_22_666.jpg,/Users/morpheus/Desktop/bp3/IMG/right_2017_04_11_12_44_22_666.jpg,-0.02756486,1,0,30.19043
/Users/morpheus/Desktop/bp3/IMG/center_2017_04_11_12_44_22_740.jpg,/Users/morpheus/Desktop/bp3/IMG/left_2017_04_11_12_44_22_740.jpg,/Users/morpheus/Desktop/bp3/IMG/right_2017_04_11_12_44_22_740.jpg,-0.02299528,1,0,30.19042
/Users/morpheus/Desktop/bp3/IMG/center_2017_04_11_12_44_22_818.jpg,/Users/morpheus/Desktop/bp3/IMG/left_2017_04_11_12_44_22_818.jpg,/Users/morpheus/Desktop/bp3/IMG/right_2017_04_11_12_44_22_818.jpg,-0.01157134,1,0,30.19033
/Users/morpheus/Desktop/bp3/IMG/center_2017_04_11_12_44_22_898.jpg,/Users/morpheus/Desktop/bp3/IMG/left_2017_04_11_12_44_22_898.jpg,/Users/morpheus/Desktop/bp3/IMG/right_2017_04_11_12_44_22_898.jpg,-0.002432193,1,0,30.19032
/Users/morpheus/Desktop/bp3/IMG/center_2017_04_11_12_44_22_968.jpg,/Users/morpheus/Desktop/bp3/IMG/left_2017_04_11_12_44_22_968.jpg,/Users/morpheus/Desktop/bp3/IMG/right_2017_04_11_12_44_22_968.jpg,-0.002432193,1,0,30.19029
/Users/morpheus/Desktop/bp3/IMG/center_2017_04_11_12_44_23_039.jpg,/Users/morpheus/Desktop/bp3/IMG/left_2017_04_11_12_44_23_039.jpg,/Users/morpheus/Desktop/bp3/IMG/right_2017_04_11_12_44_23_039.jpg,-0.01636203,1,0,30.19028
/Users/morpheus/Desktop/bp3/IMG/center_2017_04_11_12_44_23_114.jpg,/Users/morpheus/Desktop/bp3/IMG/left_2017_04_11_12_44_23_114.jpg,/Users/morpheus/Desktop/bp3/IMG/right_2017_04_11_12_44_23_114.jpg,-0.03534051,1,0,30.18995
/Users/morpheus/Desktop/bp3/IMG/center_2017_04_11_12_44_23_190.jpg,/Users/morpheus/Desktop/bp3/IMG/left_2017_04_11_12_44_23_190.jpg,/Users/morpheus/Desktop/bp3/IMG/right_2017_04_11_12_44_23_190.jpg,-0.03998379,1,0,30.19011
/Users/morpheus/Desktop/bp3/IMG/center_2017_04_11_12_44_23_265.jpg,/Users/morpheus/Desktop/bp3/IMG/left_2017_04_11_12_44_23_265.jpg,/Users/morpheus/Desktop/bp3/IMG/right_2017_04_11_12_44_23_265.jpg,-0.05159198,1,0,30.19001
/Users/morpheus/Desktop/bp3/IMG/center_2017_04_11_12_44_23_341.jpg,/Users/morpheus/Desktop/bp3/IMG/left_2017_04_11_12_44_23_341.jpg,/Users/morpheus/Desktop/bp3/IMG/right_2017_04_11_12_44_23_341.jpg,-0.06552181,1,0,30.1899
/Users/morpheus/Desktop/bp3/IMG/center_2017_04_11_12_44_23_414.jpg,/Users/morpheus/Desktop/bp3/IMG/left_2017_04_11_12_44_23_414.jpg,/Users/morpheus/Desktop/bp3/IMG/right_2017_04_11_12_44_23_414.jpg,-0.07713001,1,0,30.1897
/Users/morpheus/Desktop/bp3/IMG/center_2017_04_11_12_44_23_492.jpg,/Users/morpheus/Desktop/bp3/IMG/left_2017_04_11_12_44_23_492.jpg,/Users/morpheus/Desktop/bp3/IMG/right_2017_04_11_12_44_23_492.jpg,-0.08641657,1,0,30.18973
/Users/morpheus/Desktop/bp3/IMG/center_2017_04_11_12_44_23_569.jpg,/Users/morpheus/Desktop/bp3/IMG/left_2017_04_11_12_44_23_569.jpg,/Users/morpheus/Desktop/bp3/IMG/right_2017_04_11_12_44_23_569.jpg,-0.09105985,1,0,30.18975
/Users/morpheus/Desktop/bp3/IMG/center_2017_04_11_12_44_23_656.jpg,/Users/morpheus/Desktop/bp3/IMG/left_2017_04_11_12_44_23_656.jpg,/Users/morpheus/Desktop/bp3/IMG/right_2017_04_11_12_44_23_656.jpg,-0.09570313,1,0,30.18979
/Users/morpheus/Desktop/bp3/IMG/center_2017_04_11_12_44_23_736.jpg,/Users/morpheus/Desktop/bp3/IMG/left_2017_04_11_12_44_23_736.jpg,/Users/morpheus/Desktop/bp3/IMG/right_2017_04_11_12_44_23_736.jpg,-0.1073113,1,0,30.18963
/Users/morpheus/Desktop/bp3/IMG/center_2017_04_11_12_44_23_815.jpg,/Users/morpheus/Desktop/bp3/IMG/left_2017_04_11_12_44_23_815.jpg,/Users/morpheus/Desktop/bp3/IMG/right_2017_04_11_12_44_23_815.jpg,-0.1189195,1,0,30.18939
/Users/morpheus/Desktop/bp3/IMG/center_2017_04_11_12_44_23_912.jpg,/Users/morpheus/Desktop/bp3/IMG/left_2017_04_11_12_44_23_912.jpg,/Users/morpheus/Desktop/bp3/IMG/right_2017_04_11_12_44_23_912.jpg,-0.1235628,1,0,30.18962
/Users/morpheus/Desktop/bp3/IMG/center_2017_04_11_12_44_23_992.jpg,/Users/morpheus/Desktop/bp3/IMG/left_2017_04_11_12_44_23_992.jpg,/Users/morpheus/Desktop/bp3/IMG/right_2017_04_11_12_44_23_992.jpg,-0.1235628,1,0,30.18978
/Users/morpheus/Desktop/bp3/IMG/center_2017_04_11_12_44_24_072.jpg,/Users/morpheus/Desktop/bp3/IMG/left_2017_04_11_12_44_24_072.jpg,/Users/morpheus/Desktop/bp3/IMG/right_2017_04_11_12_44_24_072.jpg,-0.1235628,1,0,30.18987
/Users/morpheus/Desktop/bp3/IMG/center_2017_04_11_12_44_24_158.jpg,/Users/morpheus/Desktop/bp3/IMG/left_2017_04_11_12_44_24_158.jpg,/Users/morpheus/Desktop/bp3/IMG/right_2017_04_11_12_44_24_158.jpg,-0.1144236,1,0,30.19016
/Users/morpheus/Desktop/bp3/IMG/center_2017_04_11_12_44_24_241.jpg,/Users/morpheus/Desktop/bp3/IMG/left_2017_04_11_12_44_24_241.jpg,/Users/morpheus/Desktop/bp3/IMG/right_2017_04_11_12_44_24_241.jpg,-0.09614535,1,0,30.19048
/Users/morpheus/Desktop/bp3/IMG/center_2017_04_11_12_44_24_325.jpg,/Users/morpheus/Desktop/bp3/IMG/left_2017_04_11_12_44_24_325.jpg,/Users/morpheus/Desktop/bp3/IMG/right_2017_04_11_12_44_24_325.jpg,-0.0769826,1,0,30.19058
/Users/morpheus/Desktop/bp3/IMG/center_2017_04_11_12_44_24_404.jpg,/Users/morpheus/Desktop/bp3/IMG/left_2017_04_11_12_44_24_404.jpg,/Users/morpheus/Desktop/bp3/IMG/right_2017_04_11_12_44_24_404.jpg,-0.07241303,1,0,30.1905
/Users/morpheus/Desktop/bp3/IMG/center_2017_04_11_12_44_24_487.jpg,/Users/morpheus/Desktop/bp3/IMG/left_2017_04_11_12_44_24_487.jpg,/Users/morpheus/Desktop/bp3/IMG/right_2017_04_11_12_44_24_487.jpg,-0.06098909,1,0,30.19051
/Users/morpheus/Desktop/bp3/IMG/center_2017_04_11_12_44_24_564.jpg,/Users/morpheus/Desktop/bp3/IMG/left_2017_04_11_12_44_24_564.jpg,/Users/morpheus/Desktop/bp3/IMG/right_2017_04_11_12_44_24_564.jpg,-0.05413473,1,0,30.19073
/Users/morpheus/Desktop/bp3/IMG/center_2017_04_11_12_44_24_636.jpg,/Users/morpheus/Desktop/bp3/IMG/left_2017_04_11_12_44_24_636.jpg,/Users/morpheus/Desktop/bp3/IMG/right_2017_04_11_12_44_24_636.jpg,-0.05184994,1,0,30.19042
/Users/morpheus/Desktop/bp3/IMG/center_2017_04_11_12_44_24_706.jpg,/Users/morpheus/Desktop/bp3/IMG/left_2017_04_11_12_44_24_706.jpg,/Users/morpheus/Desktop/bp3/IMG/right_2017_04_11_12_44_24_706.jpg,-0.04499558,1,0,30.1904
/Users/morpheus/Desktop/bp3/IMG/center_2017_04_11_12_44_24_778.jpg,/Users/morpheus/Desktop/bp3/IMG/left_2017_04_11_12_44_24_778.jpg,/Users/morpheus/Desktop/bp3/IMG/right_2017_04_11_12_44_24_778.jpg,-0.02399027,1,0,30.1904
/Users/morpheus/Desktop/bp3/IMG/center_2017_04_11_12_44_24_879.jpg,/Users/morpheus/Desktop/bp3/IMG/left_2017_04_11_12_44_24_879.jpg,/Users/morpheus/Desktop/bp3/IMG/right_2017_04_11_12_44_24_879.jpg,-0.02399027,1,0,30.19034
/Users/morpheus/Desktop/bp3/IMG/center_2017_04_11_12_44_24_963.jpg,/Users/morpheus/Desktop/bp3/IMG/left_2017_04_11_12_44_24_963.jpg,/Users/morpheus/Desktop/bp3/IMG/right_2017_04_11_12_44_24_963.jpg,-0.02631191,1,0,30.1903
/Users/morpheus/Desktop/bp3/IMG/center_2017_04_11_12_44_25_057.jpg,/Users/morpheus/Desktop/bp3/IMG/left_2017_04_11_12_44_25_057.jpg,/Users/morpheus/Desktop/bp3/IMG/right_2017_04_11_12_44_25_057.jpg,-0.04256339,1,0,30.19012
/Users/morpheus/Desktop/bp3/IMG/center_2017_04_11_12_44_25_139.jpg,/Users/morpheus/Desktop/bp3/IMG/left_2017_04_11_12_44_25_139.jpg,/Users/morpheus/Desktop/bp3/IMG/right_2017_04_11_12_44_25_139.jpg,-0.04256339,1,0,30.19019
/Users/morpheus/Desktop/bp3/IMG/center_2017_04_11_12_44_25_218.jpg,/Users/morpheus/Desktop/bp3/IMG/left_2017_04_11_12_44_25_218.jpg,/Users/morpheus/Desktop/bp3/IMG/right_2017_04_11_12_44_25_218.jpg,-0.04260024,1,0,30.1902
/Users/morpheus/Desktop/bp3/IMG/center_2017_04_11_12_44_25_297.jpg,/Users/morpheus/Desktop/bp3/IMG/left_2017_04_11_12_44_25_297.jpg,/Users/morpheus/Desktop/bp3/IMG/right_2017_04_11_12_44_25_297.jpg,-0.04260024,1,0,30.19024
/Users/morpheus/Desktop/bp3/IMG/center_2017_04_11_12_44_25_373.jpg,/Users/morpheus/Desktop/bp3/IMG/left_2017_04_11_12_44_25_373.jpg,/Users/morpheus/Desktop/bp3/IMG/right_2017_04_11_12_44_25_373.jpg,-0.04031545,1,0,30.19039
/Users/morpheus/Desktop/bp3/IMG/center_2017_04_11_12_44_25_448.jpg,/Users/morpheus/Desktop/bp3/IMG/left_2017_04_11_12_44_25_448.jpg,/Users/morpheus/Desktop/bp3/IMG/right_2017_04_11_12_44_25_448.jpg,-0.04031545,1,0,30.19029
/Users/morpheus/Desktop/bp3/IMG/center_2017_04_11_12_44_25_521.jpg,/Users/morpheus/Desktop/bp3/IMG/left_2017_04_11_12_44_25_521.jpg,/Users/morpheus/Desktop/bp3/IMG/right_2017_04_11_12_44_25_521.jpg,-0.04031545,0.7815849,0,30.14604
/Users/morpheus/Desktop/bp3/IMG/center_2017_04_11_12_44_25_598.jpg,/Users/morpheus/Desktop/bp3/IMG/left_2017_04_11_12_44_25_598.jpg,/Users/morpheus/Desktop/bp3/IMG/right_2017_04_11_12_44_25_598.jpg,-0.03803066,0.552229,0,30.08795
/Users/morpheus/Desktop/bp3/IMG/center_2017_04_11_12_44_25_676.jpg,/Users/morpheus/Desktop/bp3/IMG/left_2017_04_11_12_44_25_676.jpg,/Users/morpheus/Desktop/bp3/IMG/right_2017_04_11_12_44_25_676.jpg,-0.03803066,0.3179949,0,30.02894
/Users/morpheus/Desktop/bp3/IMG/center_2017_04_11_12_44_25_756.jpg,/Users/morpheus/Desktop/bp3/IMG/left_2017_04_11_12_44_25_756.jpg,/Users/morpheus/Desktop/bp3/IMG/right_2017_04_11_12_44_25_756.jpg,-0.03574587,0.07797098,0,29.94816
/Users/morpheus/Desktop/bp3/IMG/center_2017_04_11_12_44_25_829.jpg,/Users/morpheus/Desktop/bp3/IMG/left_2017_04_11_12_44_25_829.jpg,/Users/morpheus/Desktop/bp3/IMG/right_2017_04_11_12_44_25_829.jpg,-0.03574587,0,0,29.78604
/Users/morpheus/Desktop/bp3/IMG/center_2017_04_11_12_44_25_900.jpg,/Users/morpheus/Desktop/bp3/IMG/left_2017_04_11_12_44_25_900.jpg,/Users/morpheus/Desktop/bp3/IMG/right_2017_04_11_12_44_25_900.jpg,0,0,0,29.54663
/Users/morpheus/Desktop/bp3/IMG/center_2017_04_11_12_44_25_968.jpg,/Users/morpheus/Desktop/bp3/IMG/left_2017_04_11_12_44_25_968.jpg,/Users/morpheus/Desktop/bp3/IMG/right_2017_04_11_12_44_25_968.jpg,0,0,0,29.36812
/Users/morpheus/Desktop/bp3/IMG/center_2017_04_11_12_44_26_144.jpg,/Users/morpheus/Desktop/bp3/IMG/left_2017_04_11_12_44_26_144.jpg,/Users/morpheus/Desktop/bp3/IMG/right_2017_04_11_12_44_26_144.jpg,0,0,0,26.86716
